{
   "count1To5": {
      "current": 39.46360153256705,
      "versus": 45.94594594594595
   },
   "count5To10": {
      "current": 32.18390804597701,
      "versus": 31.27413127413127
   },
   "count10To20": {
      "current": 18.007662835249043,
      "versus": 16.602316602316602
   },
   "count20To30": {
      "current": 4.980842911877394,
      "versus": 2.7027027027027026
   },
   "count30AndMore": {
      "current": 5.363984674329502,
      "versus": 3.474903474903475
   }
}